Ticker symbol,Security,SEC filings,GICS Sector,GICS Sub Industry,Address of Headquarters,Date first added,CIK
A,Agilent Technologies Inc,reports,Health Care,Health Care Equipment & Services,"Santa Clara, California",,1090872
AA,Alcoa Inc,reports,Materials,Aluminum,"New York, New York",,4281
AAPL,Apple Inc.,reports,Information Technology,Computer Hardware,"Cupertino, California",11/30/82,320193
ABBV,AbbVie,reports,Health Care,Pharmaceuticals,"North Chicago, Illinois",12/31/12,1551152
ABC,AmerisourceBergen Corp,reports,Health Care,Health Care Distribution & Services,"Chesterbrook, Pennsylvania",,1140859
ABT,Abbott Laboratories,reports,Health Care,Health Care Equipment & Services,"North Chicago, Illinois",,1800
ACE,ACE Limited,reports,Financials,Property & Casualty Insurance,"Zurich, Switzerland",,896159
ACN,Accenture plc,reports,Information Technology,IT Consulting & Services,"Dublin, Ireland",,1467373
ACT,Actavis plc,reports,Health Care,Pharmaceuticals,"Dublin, Ireland",,884629
ADBE,Adobe Systems Inc,reports,Information Technology,Application Software,"San Jose, California",,796343
ADI,"Analog Devices, Inc.",reports,Information Technology,Semiconductors,"Norwood, Massachusetts",,6281
ADM,Archer-Daniels-Midland Co,reports,Consumer Staples,Agricultural Products,"Decatur, Illinois",7/29/81,7084
ADP,Automatic Data Processing,reports,Information Technology,Internet Software & Services,"Roseland, New Jersey",3/31/81,8670
ADS,Alliance Data Systems,reports,Information Technology,Data Processing & Outsourced Services,"Plano, Texas",,1101215
ADSK,Autodesk Inc,reports,Information Technology,Application Software,"San Rafael, California",12/1/89,769397
ADT,ADT Corp,reports,Industrials,Diversified Commercial Services,"Boca Raton, Florida",10/1/12,1546640
AEE,Ameren Corp,reports,Utilities,Multi-Utilities & Unregulated Power,"St. Louis, Missouri",9/19/91,1002910
AEP,American Electric Power,reports,Utilities,Electric Utilities,"Columbus, Ohio",,4904
AES,AES Corp,reports,Utilities,Electric Utilities,"Arlington, Virginia",,874761
AET,Aetna Inc,reports,Health Care,Managed Health Care,"Hartford, Connecticut",6/30/76,1122304
AFL,AFLAC Inc,reports,Financials,Life & Health Insurance,"Columbus, Georgia",,4977
AGN,Allergan Inc,reports,Health Care,Pharmaceuticals,"Irvine, California",2/7/92,850693
AIG,"American International Group, Inc.",reports,Financials,Property & Casualty Insurance,"New York, New York",3/31/80,5272
AIV,Apartment Investment & Mgmt,reports,Financials,REITs,"Denver, Colorado",,922864
AIZ,Assurant Inc,reports,Financials,Multi-line Insurance,"New York, New York",,1267238
AKAM,Akamai Technologies Inc,reports,Information Technology,Internet Software & Services,"Cambridge, Massachusetts",,1086222
ALL,Allstate Corp,reports,Financials,Property & Casualty Insurance,"Northfield Township, Illinois",,899051
ALLE,Allegion,reports,Industrials,Building Products,"Dublin, Ireland",12/2/13,1579241
ALTR,Altera Corp,reports,Information Technology,Semiconductors,"San Jose, California",,768251
ALXN,Alexion Pharmaceuticals,reports,Health Care,Biotechnology,"Cheshire, Connecticut",5/24/12,899866
AMAT,Applied Materials Inc,reports,Information Technology,Semiconductor Equipment,"Santa Clara, California",,6951
AME,Ametek,reports,Industrials,Electrical Components and Equipment,"Berwyn, Pennsylvania",9/20/13,1037868
AMG,Affiliated Managers Group Inc,reports,Financials,Asset Management & Custody Banks,"Beverly, Massachusetts",7/1/14,1004434
AMGN,Amgen Inc,reports,Health Care,Biotechnology,"Thousand Oaks, California",1/2/92,318154
AMP,Ameriprise Financial,reports,Financials,Diversified Financial Services,"Minneapolis, Minnesota",,820027
AMT,American Tower Corp A,reports,Financials,REITs,"Boston, Massachusetts",,1053507
AMZN,Amazon.com Inc,reports,Consumer Discretionary,Internet Retail,"Seattle, Washington",11/18/05,1018724
AN,AutoNation Inc,reports,Consumer Discretionary,Specialty Stores,"Fort Lauderdale, Florida",,350698
ANTM,Anthem Inc.,reports,Health Care,Managed Health Care,"Indianapolis, Indiana",,1156039
AON,Aon plc,reports,Financials,Insurance Brokers,"London, United Kingdom",,315293
APA,Apache Corporation,reports,Energy,Oil & Gas Exploration & Production,"Houston, Texas",,6769
APC,Anadarko Petroleum Corp,reports,Energy,Oil & Gas Exploration & Production,"The Woodlands, Texas",,773910
APD,Air Products & Chemicals Inc,reports,Materials,Industrial Gases,"Allentown, Pennsylvania",4/30/85,2969
APH,Amphenol Corp A,reports,Industrials,Electrical Components & Equipment,"Wallingford, Connecticut",,820313
ARG,Airgas Inc,reports,Materials,Industrial Gases,"Radnor, Pennsylvania",,804212
ATI,Allegheny Technologies Inc,reports,Materials,Diversified Metals & Mining,"Pittsburgh, Pennsylvania",12/31/78,1018963
AVB,"AvalonBay Communities, Inc.",reports,Financials,REITs,"Arlington, Virginia[2]",,915912
AVGO,Avago Technologies,reports,Information Technology,Semiconductors,"San Jose, California",5/8/14,1441634
AVP,Avon Products,reports,Consumer Staples,Personal Products,"New York, New York",6/30/67,8868
AVY,Avery Dennison Corp,reports,Materials,Paper Packaging,"Glendale, California",12/31/87,8818
AXP,American Express Co,reports,Financials,Consumer Finance,"New York, New York",6/30/76,4962
AZO,AutoZone Inc,reports,Consumer Discretionary,Specialty Stores,"Memphis, Tennessee",,866787
BA,Boeing Company,reports,Industrials,Aerospace & Defense,"Chicago, Illinois",,12927
BAC,Bank of America Corp,reports,Financials,Banks,"Charlotte, North Carolina",6/30/76,70858
BAX,Baxter International Inc.,reports,Health Care,Health Care Equipment & Services,"Deerfield, Illinois",9/30/72,10456
BBBY,Bed Bath & Beyond,reports,Consumer Discretionary,Specialty Stores,"Union, New Jersey",,886158
BBT,BB&T Corporation,reports,Financials,Banks,"Winston-Salem, North Carolina",,92230
BBY,Best Buy Co. Inc.,reports,Consumer Discretionary,Computer & Electronics Retail,"Richfield, Minnesota",,764478
BCR,Bard (C.R.) Inc.,reports,Health Care,Health Care Equipment & Services,"Murray Hill, New Jersey",6/30/75,9892
BDX,Becton Dickinson,reports,Health Care,Health Care Equipment & Services,"Franklin Lakes, New Jersey",9/30/72,10795
BEN,Franklin Resources,reports,Financials,Diversified Financial Services,"San Mateo, California",,38777
BF.B,Brown-Forman Corporation,reports,Consumer Staples,Distillers & Vintners,"Louisville, Kentucky",10/31/82,14693
BHI,Baker Hughes Inc,reports,Energy,Oil & Gas Equipment & Services,"Houston, Texas",,808362
BIIB,BIOGEN IDEC Inc.,reports,Health Care,Biotechnology,"Weston, Massachusetts",,875045
BK,The Bank of New York Mellon Corp.,reports,Financials,Banks,"New York, New York",,1390777
BLK,BlackRock,reports,Financials,Diversified Financial Services,"New York, New York",,1364742
BLL,Ball Corp,reports,Materials,Metal & Glass Containers,"Broomfield, Colorado",10/31/84,9389
BMY,Bristol-Myers Squibb,reports,Health Care,Health Care Distributors & Services,"New York, New York",,14272
BRCM,Broadcom Corporation,reports,Information Technology,Semiconductors,"Irvine, California",,1054374
BRK.B,Berkshire Hathaway,reports,Financials,Multi-Sector Holdings,"Omaha, Nebraska",,1067983
BSX,Boston Scientific,reports,Health Care,Health Care Equipment & Services,"Marlborough, Massachusetts[3]",,885725
BWA,BorgWarner,reports,Consumer Discretionary,Auto Parts & Equipment,"Auburn Hills, Michigan",12/16/11,908255
BXP,Boston Properties,reports,Financials,REITs,"Boston, Massachusetts",,1037540
C,Citigroup Inc.,reports,Financials,Banks,"New York, New York",5/31/88,831001
CA,"CA, Inc.",reports,Information Technology,Systems Software,"Islandia, New York",7/31/87,356028
CAG,ConAgra Foods Inc.,reports,Consumer Staples,Packaged Foods & Meats,"Omaha, Nebraska",8/31/83,23217
CAH,Cardinal Health Inc.,reports,Health Care,Health Care Distributors & Services,"Dublin, Ohio",,721371
CAM,Cameron International Corp.,reports,Energy,Oil & Gas Equipment & Services,"Houston, Texas",,941548
CAT,Caterpillar Inc.,reports,Industrials,Construction & Farm Machinery & Heavy Trucks,"Peoria, Illinois",,18230
CB,Chubb Corp.,reports,Financials,Property & Casualty Insurance,"Warren, New Jersey",6/30/76,20171
CBG,CBRE Group,reports,Financials,Real Estate Management & Development,"Los Angeles, California",,1138118
CBS,CBS Corp.,reports,Consumer Discretionary,Broadcasting & Cable TV,"New York, New York",9/1/94,813828
CCE,Coca-Cola Enterprises,reports,Consumer Staples,Soft Drinks,"Atlanta, Georgia",,1491675
CCI,Crown Castle International Corp.,reports,Financials,REITs,"Houston, Texas",,1051470
CCL,Carnival Corp.,reports,Consumer Discretionary,"Hotels, Resorts & Cruise Lines","Miami, Florida",,815097
CELG,Celgene Corp.,reports,Health Care,Biotechnology,"Summit, New Jersey",,816284
CERN,Cerner,reports,Health Care,Health Care Distributors & Services,"North Kansas City, Missouri",,804753
CF,CF Industries Holdings Inc,reports,Materials,Fertilizers & Agricultural Chemicals,"Deerfield, Illinois",,1324404
CFN,Carefusion,reports,Health Care,Health Care Equipment & Services,"San Diego, California[4]",,1457543
CHK,Chesapeake Energy,reports,Energy,Integrated Oil & Gas,"Oklahoma City, Oklahoma",,895126
CHRW,C. H. Robinson Worldwide,reports,Industrials,Air Freight & Logistics,"Eden Prairie, Minnesota",,1043277
CI,CIGNA Corp.,reports,Health Care,Managed Health Care,"Philadelphia, Pennsylvania",6/30/76,701221
CINF,Cincinnati Financial,reports,Financials,Property & Casualty Insurance,"Fairfield, Ohio",,20286
CL,Colgate-Palmolive,reports,Consumer Staples,Household Products,"New York, New York",,21665
CLX,The Clorox Company,reports,Consumer Staples,Household Products,"Oakland, California",3/31/69,21076
CMA,Comerica Inc.,reports,Financials,Banks,"Dallas, Texas",,28412
CMCSA,Comcast Corp.,reports,Consumer Discretionary,Broadcasting & Cable TV,"Philadelphia, Pennsylvania",,1166691
CME,CME Group Inc.,reports,Financials,Diversified Financial Services,"Chicago, Illinois",,1156375
CMG,Chipotle Mexican Grill,reports,Consumer Discretionary,Restaurants,"Denver, Colorado",,1058090
CMI,Cummins Inc.,reports,Industrials,Industrial Machinery,"Columbus, Indiana",3/31/65,26172
CMS,CMS Energy,reports,Utilities,Multi-Utilities & Unregulated Power,"Jackson, Michigan",,811156
CNP,CenterPoint Energy,reports,Utilities,Multi-Utilities & Unregulated Power,"Houston, Texas",7/31/85,1130310
CNX,CONSOL Energy Inc.,reports,Energy,Coal & Consumable Fuels,"Cecil Township, Pennsylvania",,1070412
COF,Capital One Financial,reports,Financials,Consumer Finance,"Tysons Corner, Virginia",,927628
COG,Cabot Oil & Gas,reports,Energy,Oil & Gas Exploration & Production,"Houston, Texas",,858470
COH,Coach Inc.,reports,Consumer Discretionary,"Apparel, Accessories & Luxury Goods","New York, New York",,1116132
COL,Rockwell Collins,reports,Industrials,Industrial Conglomerates,"Cedar Rapids, Iowa",,1137411
COP,ConocoPhillips,reports,Energy,Oil & Gas Exploration & Production,"Houston, Texas",,1163165
COST,Costco Co.,reports,Consumer Staples,Hypermarkets & Super Centers,"Issaquah, Washington",10/1/93,909832
CPB,Campbell Soup,reports,Consumer Staples,Packaged Foods & Meats,"Camden, New Jersey",,16732
CRM,Salesforce.com,reports,Information Technology,Internet Software & Services,"San Francisco, California",,1108524
CSC,Computer Sciences Corp.,reports,Information Technology,IT Consulting & Services,"Falls Church, Virginia",6/30/81,23082
CSCO,Cisco Systems,reports,Information Technology,Networking Equipment,"San Jose, California",12/1/93,858877
CSX,CSX Corp.,reports,Industrials,Railroads,"Jacksonville, Florida",9/30/67,277948
CTAS,Cintas Corporation,reports,Industrials,Diversified Commercial Services,"Mason, Ohio",,723254
CTL,CenturyLink Inc,reports,Telecommunications Services,Integrated Telecommunications Services,"Monroe, Louisiana",,18926
CTSH,Cognizant Technology Solutions,reports,Information Technology,IT Consulting & Services,"Teaneck, New Jersey",,1058290
CTXS,Citrix Systems,reports,Information Technology,Internet Software & Services,"Fort Lauderdale, Florida",,877890
CVC,Cablevision Systems Corp.,reports,Consumer Discretionary,Broadcasting & Cable TV,"Bethpage, New York",,1053112
CVS,CVS Caremark Corp.,reports,Consumer Staples,Drug Retail,"Woonsocket, Rhode Island",,64803
CVX,Chevron Corp.,reports,Energy,Integrated Oil & Gas,"San Ramon, California",,93410
D,Dominion Resources,reports,Utilities,Multi-Utilities & Unregulated Power,"Richmond, Virginia",,715957
DAL,Delta Air Lines,reports,Industrials,Airlines,"Atlanta, Georgia",9/10/13,27904
DD,Du Pont (E.I.),reports,Materials,Diversified Chemicals,"Wilmington, Delaware",,30554
DE,Deere & Co.,reports,Industrials,Construction & Farm Machinery & Heavy Trucks,"Moline, Illinois",,315189
DFS,Discover Financial Services,reports,Financials,Consumer Finance,"Riverwoods, Illinois",,1393612
DG,Dollar General,reports,Consumer Discretionary,General Merchandise Stores,"Goodlettsville, Tennessee",12/3/12,29534
DGX,Quest Diagnostics,reports,Health Care,Health Care Facilities,"Madison, New Jersey",,1022079
DHI,D. R. Horton,reports,Consumer Discretionary,Construction,"Fort Worth, Texas",,882184
DHR,Danaher Corp.,reports,Industrials,Industrial Machinery,Washington D.C,,313616
DIS,The Walt Disney Company,reports,Consumer Discretionary,Broadcasting & Cable TV,"Burbank, California",6/30/76,1001039
DISCA,Discovery Communications-A,reports,Consumer Discretionary,Broadcasting & Cable TV,"Silver Spring, Maryland",,1437107
DISCK,Discovery Communications-C,reports,Consumer Discretionary,Broadcasting & Cable TV,"Silver Spring, Maryland",8/6/14,1437107
DLPH,Delphi Automotive,reports,Consumer Discretionary,Auto Parts & Equipment,"Gillingham, Kent, United Kingdom",12/24/12,1521332
DLTR,Dollar Tree,reports,Consumer Discretionary,General Merchandise Stores,"Chesapeake, Virginia",12/16/11,935703
DNB,Dun & Bradstreet,reports,Industrials,Data Processing Services,"Short Hills, New Jersey",,1115222
DNR,Denbury Resources Inc.,reports,Energy,Oil & Gas Exploration & Production,"Plano, Texas",,945764
DO,Diamond Offshore Drilling,reports,Energy,Oil & Gas Drilling,"Houston, Texas",,949039
DOV,Dover Corp.,reports,Industrials,Industrial Machinery,"Downers Grove, Illinois",10/31/85,29905
DOW,Dow Chemical,reports,Materials,Diversified Chemicals,"Midland, Michigan",,29915
DPS,Dr Pepper Snapple Group,reports,Consumer Staples,Soft Drinks,"Plano, Texas",,1418135
DRI,Darden Restaurants,reports,Consumer Discretionary,Restaurants,"Orlando, Florida",,940944
DTE,DTE Energy Co.,reports,Utilities,Multi-Utilities & Unregulated Power,"Detroit, Michigan",,936340
DTV,DirecTV,reports,Consumer Discretionary,Broadcasting & Cable TV,"El Segundo, California",,1465112
DUK,Duke Energy,reports,Utilities,Electric Utilities,"Charlotte, North Carolina",6/30/76,1326160
DVA,DaVita Inc.,reports,Health Care,Health Care Facilities,"Denver, Colorado",,927066
DVN,Devon Energy Corp.,reports,Energy,Oil & Gas Exploration & Production,"Oklahoma City, Oklahoma",,1090012
EA,Electronic Arts,reports,Information Technology,Application Software,"Redwood City, California",,712515
EBAY,eBay Inc.,reports,Information Technology,Internet Software & Services,"San Jose, California",,1065088
ECL,Ecolab Inc.,reports,Materials,Specialty Chemicals,"St. Paul, Minnesota",1/31/89,31462
ED,Consolidated Edison,reports,Utilities,Multi-Utilities & Unregulated Power,"New York, New York",,1047862
EFX,Equifax Inc.,reports,Financials,Diversified Financial Services,"Atlanta, Georgia",,33185
EIX,Edison Int'l,reports,Utilities,Multi-Utilities & Unregulated Power,"Rosemead, California",,827052
EL,Estee Lauder Cos.,reports,Consumer Staples,Personal Products,"New York, New York",,1001250
EMC,EMC Corp.,reports,Information Technology,IT Consulting & Services,"Hopkinton, Massachusetts",,790070
EMN,Eastman Chemical,reports,Materials,Diversified Chemicals,"Kingsport, Tennessee",1/1/94,915389
EMR,Emerson Electric,reports,Industrials,Industrial Conglomerates,"Ferguson, Missouri",3/31/65,32604
ENDP,Endo International,reports,Health Care,Pharmaceuticals,"Dublin, Ireland",,1100962
EOG,EOG Resources,reports,Energy,Oil & Gas Exploration & Production,"Houston, Texas",,821189
EQR,Equity Residential,reports,Financials,REITs,"Chicago, Illinois",,906107
EQT,EQT Corporation,reports,Energy,Oil & Gas Exploration & Production,"Pittsburgh, Pennsylvania",,33213
ES,Eversource Energy,reports,Utilities,Multi-Utilities & Unregulated Power,"Springfield, Massachusetts",,72741
ESRX,Express Scripts,reports,Health Care,Health Care Distributors & Services,"Cool Valley, Missouri",,1532063
ESS,Essex Property Trust Inc,reports,Financials,Residential REITs,"Palo Alto, California",,920522
ESV,Ensco plc,reports,Energy,Oil & Gas Drilling,"London, United Kingdom",7/30/12,314808
ETFC,E-Trade,reports,Financials,Diversified Financial Services,"New York, New York",,1015780
ETN,Eaton Corporation,reports,Industrials,Industrial Conglomerates,"Dublin, Ireland",,1551182
ETR,Entergy Corp.,reports,Utilities,Electric Utilities,"New Orleans, Louisiana",,65984
EW,Edwards Lifesciences,reports,Health Care,Health Care Equipment & Services,"Irvine, California",,1099800
EXC,Exelon Corp.,reports,Utilities,Multi-Utilities & Unregulated Power,"Chicago, Illinois",,1109357
EXPD,Expeditors Int'l,reports,Industrials,Air Freight & Logistics,"Seattle, Washington",,746515
EXPE,Expedia Inc.,reports,Consumer Discretionary,"Hotels, Resorts & Cruise Lines","Bellevue, Washington",,1324424
F,Ford Motor,reports,Consumer Discretionary,Automobile Manufacturers,"Dearborn, Michigan",,37996
FAST,Fastenal Co,reports,Industrials,Building Products,"Winona, Minnesota",,815556
FB,Facebook,reports,Information Technology,Internet Software & Services,"Menlo Park, California",,1326801
FCX,Freeport-McMoran Cp & Gld,reports,Materials,Diversified Metals & Mining,"Phoenix, Arizona",,831259
FDO,Family Dollar Stores,reports,Consumer Discretionary,General Merchandise Stores,"Matthews, North Carolina",,34408
FDX,FedEx Corporation,reports,Industrials,Air Freight & Logistics,"Memphis, Tennessee",12/31/80,1048911
FE,FirstEnergy Corp,reports,Utilities,Multi-Utilities & Unregulated Power,"Akron, Ohio",,1031296
FFIV,F5 Networks,reports,Information Technology,Networking Equipment,"Seattle, Washington",,1048695
FIS,Fidelity National Information Services,reports,Information Technology,Internet Software & Services,"Jacksonville, Florida",,1136893
FISV,Fiserv Inc,reports,Information Technology,Internet Software & Services,"Brookfield, Wisconsin",,798354
FITB,Fifth Third Bancorp,reports,Financials,Banks,"Cincinnati, Ohio",,35527
FLIR,FLIR Systems,reports,Industrials,Aerospace & Defense,"Wilsonville, Oregon",,354908
FLR,Fluor Corp.,reports,Industrials,Diversified Commercial Services,"Irving, Texas",3/31/80,1124198
FLS,Flowserve Corporation,reports,Industrials,Industrial Machinery,"Irving, Texas",,30625
FMC,FMC Corporation,reports,Materials,Diversified Chemicals,"Philadelphia, Pennsylvania",,37785
FOSL,"Fossil, Inc.",reports,Consumer Discretionary,"Apparel, Accessories & Luxury Goods","Richardson, Texas",,883569
FOXA,Twenty-First Century Fox,reports,Consumer Discretionary,Publishing,"New York, New York",7/1/13,1308161
FSLR,First Solar Inc,reports,Information Technology,Semiconductors,"Tempe, Arizona",,1274494
FTI,FMC Technologies Inc.,reports,Energy,Oil & Gas Equipment & Services,"Houston, Texas",,1135152
FTR,Frontier Communications,reports,Telecommunications Services,Integrated Telecommunications Services,"Stamford, Connecticut",,20520
GAS,AGL Resources Inc.,reports,Utilities,Gas Utilities,"Atlanta, Georgia",,1004155
GCI,Gannett Co.,reports,Consumer Discretionary,Publishing,"McLean, Virginia",12/31/75,39899
GD,General Dynamics,reports,Industrials,Aerospace & Defense,"Falls Church, Virginia",,40533
GE,General Electric,reports,Industrials,Industrial Conglomerates,"Fairfield, Connecticut",,40545
GGP,General Growth Properties Inc.,reports,Financials,REITs,"Chicago, Illinois",12/10/13,895648
GILD,Gilead Sciences,reports,Health Care,Biotechnology,"Foster City, California",,882095
GIS,General Mills,reports,Consumer Staples,Packaged Foods & Meats,"Golden Valley, Minnesota",3/31/69,40704
GLW,Corning Inc.,reports,Industrials,Construction & Engineering,"Corning, New York",,24741
GM,General Motors,reports,Consumer Discretionary,Automobile Manufacturers,"Detroit, Michigan",6/6/13,1467858
GMCR,Keurig Green Mountain,reports,Consumer Staples,Packaged Foods & Meats,"Waterbury, Vermont",,909954
GME,GameStop Corp.,reports,Consumer Discretionary,Specialty Stores,"Grapevine, Texas",,1326380
GNW,Genworth Financial Inc.,reports,Financials,Life & Health Insurance,"Richmond, Virginia",,1276520
GOOG,Google Inc Class C,reports,Information Technology,Internet Software & Services,"Mountain View, California",,1288776
GOOGL,Google Inc Class A,reports,Information Technology,Internet Software & Services,"Mountain View, California",,1288776
GPC,Genuine Parts,reports,Consumer Discretionary,Specialty Stores,"Atlanta, Georgia",12/31/73,40987
GPS,Gap (The),reports,Consumer Discretionary,Apparel Retail,"San Francisco, California",8/31/86,39911
GRMN,Garmin Ltd.,reports,Consumer Discretionary,Consumer Electronics,"Schaffhausen, Switzerland",12/12/12,1121788
GS,Goldman Sachs Group,reports,Financials,Diversified Financial Services,"New York, New York",,886982
GT,Goodyear Tire & Rubber,reports,Consumer Discretionary,Tires & Rubber,"Akron, Ohio",,42582
GWW,Grainger (W.W.) Inc.,reports,Industrials,Industrial Materials,"Lake Forest, Illinois",6/30/81,277135
HAL,Halliburton Co.,reports,Energy,Oil & Gas Equipment & Services,"Houston, Texas",,45012
HAR,Harman Int'l Industries,reports,Consumer Discretionary,Consumer Electronics,"Stamford, Connecticut",,800459
HAS,Hasbro Inc.,reports,Consumer Discretionary,Leisure Products,"Pawtucket, Rhode Island",9/30/84,46080
HBAN,Huntington Bancshares,reports,Financials,Banks,"Columbus, Ohio",,49196
HCA,HCA Holdings,reports,Health Care,Health Care Facilities,"Nashville, Tennessee",,860730
HCBK,Hudson City Bancorp,reports,Financials,Banks,"Paramus, New Jersey",,921847
HCN,"Health Care REIT, Inc.",reports,Financials,REITs,"Toledo, Ohio[5]",,766704
HCP,HCP Inc.,reports,Financials,REITs,"Long Beach, California",,765880
HD,Home Depot,reports,Consumer Discretionary,Home Improvement Retail,"Cobb County, Georgia",3/31/88,354950
HES,Hess Corporation,reports,Energy,Integrated Oil & Gas,"New York, New York",5/31/84,4447
HIG,Hartford Financial Svc.Gp.,reports,Financials,Property & Casualty Insurance,"Hartford, Connecticut",,874766
HOG,Harley-Davidson,reports,Consumer Discretionary,Motorcycle Manufacturers,"Milwaukee, Wisconsin",,793952
HON,Honeywell Int'l Inc.,reports,Industrials,Industrial Conglomerates,"Morristown, New Jersey",,773840
HOT,Starwood Hotels & Resorts,reports,Consumer Discretionary,"Hotels, Resorts & Cruise Lines","White Plains, New York",,316206
HP,Helmerich & Payne,reports,Energy,Oil & Gas Drilling,"Tulsa, Oklahoma[6]",,46765
HPQ,Hewlett-Packard,reports,Information Technology,Computer Hardware,"Palo Alto, California",12/31/74,47217
HRB,Block H&R,reports,Financials,Consumer Finance,"Kansas City, Missouri",11/30/86,12659
HRL,Hormel Foods Corp.,reports,Consumer Staples,Packaged Foods & Meats,"Austin, Minnesota",,48465
HRS,Harris Corporation,reports,Information Technology,Telecommunications Equipment,"Melbourne, Florida",,202058
HSP,Hospira Inc.,reports,Health Care,Health Care Equipment & Services,"Lake Forest, Illinois",,1274057
HST,Host Hotels & Resorts,reports,Financials,REITs,"Bethesda, Maryland",,1070750
HSY,The Hershey Company,reports,Consumer Staples,Packaged Foods & Meats,"Hershey, Pennsylvania",,47111
HUM,Humana Inc.,reports,Health Care,Managed Health Care,"Louisville, Kentucky",,49071
IBM,International Bus. Machines,reports,Information Technology,IT Consulting & Services,"Armonk, New York",,51143
ICE,Intercontinental Exchange,reports,Financials,Diversified Financial Services,"Atlanta, Georgia",,1571949
IFF,Intl Flavors & Fragrances,reports,Materials,Specialty Chemicals,"New York, New York",3/31/76,51253
INTC,Intel Corp.,reports,Information Technology,Semiconductors,"Santa Clara, California",12/31/76,50863
INTU,Intuit Inc.,reports,Information Technology,Internet Software & Services,"Mountain View, California",12/5/00,896878
IP,International Paper,reports,Materials,Paper Products,"Memphis, Tennessee",,51434
IPG,Interpublic Group,reports,Consumer Discretionary,Advertising,"New York, New York",10/1/92,51644
IR,Ingersoll-Rand PLC,reports,Industrials,Industrial Conglomerates,"Dublin, Ireland",,1466258
IRM,Iron Mountain Incorporated,reports,Industrials,Data Processing Services,"Boston, Massachusetts",,1020569
ISRG,Intuitive Surgical Inc.,reports,Health Care,Health Care Equipment & Services,"Sunnyvale, California",,1035267
ITW,Illinois Tool Works,reports,Industrials,Industrial Machinery,"Glenview, Illinois",2/28/86,49826
IVZ,Invesco Ltd.,reports,Financials,Diversified Financial Services,"Atlanta, Georgia",,914208
JCI,Johnson Controls,reports,Consumer Discretionary,Auto Parts & Equipment,"Milwaukee, Wisconsin",5/31/86,53669
JEC,Jacobs Engineering Group,reports,Industrials,Industrial Conglomerates,"Pasadena, California",,52988
JNJ,Johnson & Johnson,reports,Health Care,Health Care Equipment & Services,"New Brunswick, New Jersey",6/30/73,200406
JNPR,Juniper Networks,reports,Information Technology,Networking Equipment,"Sunnyvale, California",,1043604
JOY,Joy Global Inc.,reports,Industrials,Industrial Machinery,"Milwaukee, Wisconsin",,801898
JPM,JPMorgan Chase & Co.,reports,Financials,Banks,"New York, New York",6/30/75,19617
JWN,Nordstrom,reports,Consumer Discretionary,Department Stores,"Seattle, Washington",8/31/86,72333
K,Kellogg Co.,reports,Consumer Staples,Packaged Foods & Meats,"Battle Creek, Michigan",,55067
KEY,KeyCorp,reports,Financials,Banks,"Cleveland, Ohio",3/1/94,91576
KIM,Kimco Realty,reports,Financials,REITs,"New Hyde Park, New York",,879101
KLAC,KLA-Tencor Corp.,reports,Information Technology,Semiconductor Equipment,"Milpitas, California",,319201
KMB,Kimberly-Clark,reports,Consumer Staples,Household Products,"Irving, Texas",,55785
KMI,Kinder Morgan,reports,Energy,Oil & Gas Refining & Marketing & Transportation,"Houston, Texas",5/24/12,1506307
KMX,Carmax Inc,reports,Consumer Discretionary,Specialty Stores,"Richmond, Virginia",,1170010
KO,The Coca Cola Company,reports,Consumer Staples,Soft Drinks,"Atlanta, Georgia",,21344
KORS,Michael Kors Holdings,reports,Consumer Discretionary,"Apparel, Accessories & Luxury Goods","New York, New York",,1530721
KR,Kroger Co.,reports,Consumer Staples,Food Retail,"Cincinnati, Ohio",,56873
KRFT,Kraft Foods Group,reports,Consumer Staples,Packaged Foods & Meats,"Northfield, Illinois",10/2/12,1545158
KSS,Kohl's Corp.,reports,Consumer Discretionary,General Merchandise Stores,"Menomonee Falls, Wisconsin",,885639
KSU,Kansas City Southern,reports,Industrials,Railroads,"Kansas City, Missouri",5/24/13,54480
L,Loews Corp.,reports,Financials,Multi-Sector Holdings,"New York, New York",,60086
LB,L Brands Inc.,reports,Consumer Discretionary,Apparel Retail,"Columbus, Ohio",9/30/83,701985
LEG,Leggett & Platt,reports,Industrials,Industrial Conglomerates,"Carthage, Missouri",,58492
LEN,Lennar Corp.,reports,Consumer Discretionary,Homebuilding,"Miami, Florida",,920760
LH,Laboratory Corp. of America Holding,reports,Health Care,Health Care Facilities,"Burlington, North Carolina",,920148
LLL,L-3 Communications Holdings,reports,Industrials,Industrial Conglomerates,"New York, New York",,1056239
LLTC,Linear Technology Corp.,reports,Information Technology,Semiconductors,"Milpitas, California",,791907
LLY,Lilly (Eli) & Co.,reports,Health Care,Pharmaceuticals,"Indianapolis, Indiana",12/31/70,59478
LM,Legg Mason,reports,Financials,Diversified Financial Services,"Baltimore, Maryland",,704051
LMT,Lockheed Martin Corp.,reports,Industrials,Aerospace & Defense,"Bethesda, Maryland",7/31/84,936468
LNC,Lincoln National,reports,Financials,Multi-line Insurance,"Radnor, Pennsylvania",6/30/76,59558
LO,Lorillard Inc.,reports,Consumer Staples,Tobacco,"Greensboro, North Carolina",,1424847
LOW,Lowe's Cos.,reports,Consumer Discretionary,Home Improvement Retail,"Mooresville, North Carolina",2/29/84,60667
LRCX,Lam Research,reports,Information Technology,Semiconductor Equipment,"Fremont, California",,707549
LUK,Leucadia National Corp.,reports,Financials,Multi-Sector Holdings,"New York, New York",,96223
LUV,Southwest Airlines,reports,Industrials,Airlines,"Dallas, Texas",7/1/94,92380
LVLT,Level 3 Communications,reports,Telecommunications Services,Alternative Carriers,"Broomfield, Colorado",11/5/14,794323
LYB,LyondellBasell,reports,Materials,Diversified Chemicals,"Rotterdam, Netherlands",9/5/12,1489393
M,Macy's Inc.,reports,Consumer Discretionary,Department Stores,"Cincinnati, Ohio",,794367
MA,Mastercard Inc.,reports,Information Technology,Internet Software & Services,"Harrison, New York",,1141391
MAC,Macerich,reports,Financials,Retail REITs,"Santa Monica, California",5/9/13,912242
MAR,Marriott Int'l.,reports,Consumer Discretionary,"Hotels, Resorts & Cruise Lines","Bethesda, Maryland",,1048286
MAS,Masco Corp.,reports,Industrials,Building Products,"Taylor, Michigan",6/30/81,62996
MAT,Mattel Inc.,reports,Consumer Discretionary,Leisure Products,"El Segundo, California",3/31/82,63276
MCD,McDonald's Corp.,reports,Consumer Discretionary,Restaurants,"Oak Brook, Illinois",6/30/70,63908
MCHP,Microchip Technology,reports,Information Technology,Semiconductors,"Chandler, Arizona",,827054
MCK,McKesson Corp.,reports,Health Care,Health Care Distributors & Services,"San Francisco, California",,927653
MCO,Moody's Corp,reports,Financials,Diversified Financial Services,"New York, New York",,1059556
MDLZ,Mondelez International,reports,Consumer Staples,Packaged Foods & Meats,"Northfield, Illinois",10/2/12,1103982
MDT,Medtronic Inc.,reports,Health Care,Health Care Equipment & Services,"Fridley, Minnesota",10/31/86,64670
MET,MetLife Inc.,reports,Financials,Life & Health Insurance,"New York, New York",,1099219
MHFI,McGraw Hill Financial,reports,Financials,Diversified Financial Services,"New York, New York",,64040
MHK,Mohawk Industries,reports,Consumer Discretionary,Home Furnishings,"Amsterdam, New York",,851968
MJN,Mead Johnson,reports,Consumer Staples,Packaged Foods & Meats,"Glenview, Illinois",,1452575
MKC,McCormick & Co.,reports,Consumer Staples,Packaged Foods & Meats,"Sparks, Maryland",,63754
MLM,Martin Marietta Materials,reports,Materials,Construction Materials,"Raleigh, North Carolina",7/2/14,916076
MMC,Marsh & McLennan,reports,Financials,Insurance Brokers,"New York, New York",8/31/87,62709
MMM,3M Company,reports,Industrials,Industrial Conglomerates,"St. Paul, Minnesota",,66740
MNK,Mallinckrodt Plc,reports,Health Care,Pharmaceuticals,"Dublin, Ireland",8/19/14,1567892
MNST,Monster Beverage,reports,Consumer Staples,Soft Drinks,"Corona, California",6/28/12,865752
MO,Altria Group Inc,reports,Consumer Staples,Tobacco,"Richmond, Virginia",,764180
MON,Monsanto Co.,reports,Materials,Fertilizers & Agricultural Chemicals,"Creve Coeur, Missouri",,1110783
MOS,The Mosaic Company,reports,Materials,Fertilizers & Agricultural Chemicals,"Plymouth, Minnesota",,1285785
MPC,Marathon Petroleum,reports,Energy,Oil & Gas Refining & Marketing & Transportation,"Findlay, Ohio",,1510295
MRK,Merck & Co.,reports,Health Care,Pharmaceuticals,"Whitehouse Station, New Jersey",,310158
MRO,Marathon Oil Corp.,reports,Energy,Oil & Gas Exploration & Production,"Houston, Texas",5/1/91,101778
MS,Morgan Stanley,reports,Financials,Diversified Financial Services,"New York, New York",,895421
MSFT,Microsoft Corp.,reports,Information Technology,Systems Software,"Redmond, Washington",6/1/94,789019
MSI,Motorola Solutions Inc.,reports,Information Technology,Telecommunications Equipment,"Schaumburg, Illinois",,68505
MTB,M&T Bank Corp.,reports,Financials,Banks,"Buffalo, New York",,36270
MU,Micron Technology,reports,Information Technology,Semiconductors,"Boise, Idaho",9/27/94,723125
MUR,Murphy Oil,reports,Energy,Integrated Oil & Gas,"El Dorado, Arkansas",,717423
MWV,MeadWestvaco Corporation,reports,Materials,Paper Packaging,"Richmond, Virginia",,1159297
MYL,Mylan Inc.,reports,Health Care,Pharmaceuticals,"Canonsburg, Pennsylvania",,69499
NAVI,Navient,reports,Financials,Consumer Finance,"Newark, Delaware",,1084750
NBL,Noble Energy Inc,reports,Energy,Oil & Gas Exploration & Production,"Houston, Texas",,72207
NBR,Nabors Industries Ltd.,reports,Energy,Oil & Gas Drilling,"Hamilton, Bermuda",,1163739
NDAQ,NASDAQ OMX Group,reports,Financials,Diversified Financial Services,"New York, New York",,1120193
NE,Noble Corp,reports,Energy,Oil & Gas Drilling,"Geneva, Switzerland",,1458891
NEE,NextEra Energy,reports,Utilities,Multi-Utilities & Unregulated Power,"Juno Beach, Florida",6/30/76,753308
NEM,Newmont Mining Corp. (Hldg. Co.),reports,Materials,Gold,"Denver, Colorado",6/30/69,1164727
NFLX,Netflix Inc.,reports,Information Technology,Internet Software & Services,"Los Gatos, California",,1065280
NFX,Newfield Exploration Co,reports,Energy,Oil & Gas Exploration & Production,"Houston, Texas",,912750
NI,NiSource Inc.,reports,Utilities,Multi-Utilities & Unregulated Power,"Merrillville, Indiana",,1111711
NKE,Nike,reports,Consumer Discretionary,"Apparel, Accessories & Luxury Goods","Washington County, Oregon",11/30/88,320187
NLSN,Nielsen Holdings,reports,Industrials,Research & Consulting Services,"New York, New York",7/8/13,1492633
NOC,Northrop Grumman Corp.,reports,Industrials,Aerospace & Defense,"West Falls Church, Virginia",6/30/85,1133421
NOV,National Oilwell Varco Inc.,reports,Energy,Oil & Gas Equipment & Services,"Houston, Texas",,1021860
NRG,NRG Energy,reports,Utilities,Multi-Utilities & Unregulated Power,"Princeton, New Jersey",2010-01-28[7],1013871
NSC,Norfolk Southern Corp.,reports,Industrials,Railroads,"Norfolk, Virginia",,702165
NTAP,NetApp,reports,Information Technology,Internet Software & Services,"Sunnyvale, California",,1002047
NTRS,Northern Trust Corp.,reports,Financials,Diversified Financial Services,"Chicago, Illinois",,73124
NUE,Nucor Corp.,reports,Materials,Steel,"Charlotte, North Carolina",4/30/85,73309
NVDA,Nvidia Corporation,reports,Information Technology,Semiconductors,"Santa Clara, California",,1045810
NWL,Newell Rubbermaid Co.,reports,Consumer Discretionary,Housewares & Specialties,"Sandy Springs, Georgia",4/30/89,814453
NWSA,News Corporation,reports,Consumer Discretionary,Publishing,"New York, New York",,1564708
OI,Owens-Illinois Inc,reports,Materials,Metal & Glass Containers,"Perrysburg, Ohio",,812074
OKE,ONEOK,reports,Energy,Oil & Gas Exploration & Production,"Tulsa, Oklahoma",,1039684
OMC,Omnicom Group,reports,Consumer Discretionary,Advertising,"New York, New York",,29989
ORCL,Oracle Corp.,reports,Information Technology,Application Software,"Redwood Shores, California",8/31/89,1341439
ORLY,O'Reilly Automotive,reports,Consumer Discretionary,Specialty Stores,"Springfield, Missouri",,898173
OXY,Occidental Petroleum,reports,Energy,Oil & Gas Exploration & Production,"Los Angeles, California",12/31/82,797468
PAYX,Paychex Inc.,reports,Information Technology,Internet Software & Services,"Penfield, New York",,723531
PBCT,People's United Bank,reports,Financials,Banks,"Bridgeport, Connecticut",,1378946
PBI,Pitney-Bowes,reports,Industrials,Office Services & Supplies,"Stamford, Connecticut",,78814
PCAR,PACCAR Inc.,reports,Industrials,Construction & Farm Machinery & Heavy Trucks,"Bellevue, Washington",12/31/80,75362
PCG,P G & E Corp.,reports,Utilities,Multi-Utilities & Unregulated Power,"San Francisco, California",,1004980
PCL,Plum Creek Timber Co.,reports,Financials,REITs,"Seattle, Washington",,849213
PCLN,Priceline.com Inc,reports,Consumer Discretionary,"Hotels, Resorts & Cruise Lines","Norwalk, Connecticut",,1075531
PCP,Precision Castparts,reports,Industrials,Industrial Conglomerates,"Portland, Oregon",,79958
PDCO,Patterson Companies,reports,Health Care,Health Care Supplies,"St. Paul, Minnesota",,891024
PEG,Public Serv. Enterprise Inc.,reports,Utilities,Multi-Utilities & Unregulated Power,"Newark, New Jersey",,788784
PEP,PepsiCo Inc.,reports,Consumer Staples,Soft Drinks,"Purchase, New York",,77476
PETM,"PetSmart, Inc.",reports,Consumer Discretionary,Specialty Stores,"Phoenix, Arizona",10/10/12,863157
PFE,Pfizer Inc.,reports,Health Care,Pharmaceuticals,"New York, New York",,78003
PFG,Principal Financial Group,reports,Financials,Diversified Financial Services,"Des Moines, Iowa",,1126328
PG,Procter & Gamble,reports,Consumer Staples,Personal Products,"Cincinnati, Ohio",,80424
PGR,Progressive Corp.,reports,Financials,Property & Casualty Insurance,"Mayfield Village, Ohio",,80661
PH,Parker-Hannifin,reports,Industrials,Industrial Conglomerates,"Cleveland, Ohio",11/30/85,76334
PHM,Pulte Homes Inc.,reports,Consumer Discretionary,Homebuilding,"Atlanta, Georgia",4/30/84,822416
PKI,PerkinElmer,reports,Health Care,Health Care Equipment & Services,"Waltham, Massachusetts",5/31/85,31791
PLD,Prologis,reports,Financials,Diversified Financial Services,"San Francisco, California",,1045609
PLL,Pall Corp.,reports,Industrials,Industrial Conglomerates,"Port Washington, New York",12/31/87,75829
PM,Philip Morris International,reports,Consumer Staples,Tobacco,"New York, New York",,1413329
PNC,PNC Financial Services,reports,Financials,Banks,"Pittsburgh, Pennsylvania",4/30/88,713676
PNR,Pentair Ltd.,reports,Industrials,Industrial Conglomerates,"Schaffhausen, Switzerland",10/1/12,77360
PNW,Pinnacle West Capital,reports,Utilities,Multi-Utilities & Unregulated Power,"Phoenix, Arizona",,764622
POM,Pepco Holdings Inc.,reports,Utilities,Multi-Utilities & Unregulated Power,Washington D.C,,1135971
PPG,PPG Industries,reports,Materials,Diversified Chemicals,"Pittsburgh, Pennsylvania",,79879
PPL,PPL Corp.,reports,Utilities,Multi-Utilities & Unregulated Power,"Allentown, Pennsylvania",,922224
PRGO,Perrigo,reports,Health Care,Pharmaceuticals,"Dublin, Ireland",12/16/11,1585364
PRU,Prudential Financial,reports,Financials,Diversified Financial Services,"Newark, New Jersey",,1137774
PSA,Public Storage,reports,Financials,REITs,"Glendale, California",,1393311
PSX,Phillips 66,reports,Energy,Oil & Gas Refining & Marketing & Transportation,"Houston, Texas",4/30/12,1534701
PVH,PVH Corp.,reports,Consumer Discretionary,"Apparel, Accessories & Luxury Goods","New York, New York",2/15/13,78239
PWR,Quanta Services Inc.,reports,Industrials,Industrial Conglomerates,"Houston, Texas",,1050915
PX,Praxair Inc.,reports,Materials,Industrial Gases,"Danbury, Connecticut",7/1/92,884905
PXD,Pioneer Natural Resources,reports,Energy,Oil & Gas Exploration & Production,"Irving, Texas",,1038357
QCOM,QUALCOMM Inc.,reports,Information Technology,Semiconductors,"San Diego, California",,804328
QEP,QEP Resources,reports,Energy,Oil & Gas Exploration & Production,"Denver, Colorado[8]",,1108827
R,Ryder System,reports,Industrials,Industrial Conglomerates,"Miami, Florida",12/31/82,85961
RAI,Reynolds American Inc.,reports,Consumer Staples,Tobacco,"Winston-Salem, North Carolina",,1275283
RCL,Royal Caribbean Cruises Ltd,reports,Consumer Discretionary,"Hotel, Resorts and Cruise Lines","Miami, Florida",12/5/14,884887
REGN,Regeneron,reports,Health Care,Biotechnology,"Tarrytown, New York",5/1/13,872589
RF,Regions Financial Corp.,reports,Financials,Diversified Financial Services,"Birmingham, Alabama",,1281761
RHI,Robert Half International,reports,Industrials,Industrial Conglomerates,"Menlo Park, California",,315213
RHT,Red Hat Inc.,reports,Information Technology,Systems Software,"Raleigh, North Carolina",,1087423
RIG,Transocean,reports,Energy,Oil & Gas Drilling,"Vernier, Switzerland",10/28/13,1451505
RL,Polo Ralph Lauren Corp.,reports,Consumer Discretionary,"Apparel, Accessories & Luxury Goods","New York, New York",,1037038
ROK,Rockwell Automation Inc.,reports,Industrials,Industrial Conglomerates,"Milwaukee, Wisconsin",,1024478
ROP,Roper Industries,reports,Industrials,Industrial Conglomerates,"Sarasota, Florida",,882835
ROST,Ross Stores,reports,Consumer Discretionary,Apparel Retail,"Pleasanton, California",,745732
RRC,Range Resources Corp.,reports,Energy,Oil & Gas Exploration & Production,"Fort Worth, Texas",,315852
RSG,Republic Services Inc,reports,Industrials,Industrial Conglomerates,"Phoenix, Arizona",,1060391
RTN,Raytheon Co.,reports,Industrials,Aerospace & Defense,"Waltham, Massachusetts",,1047122
SBUX,Starbucks Corp.,reports,Consumer Discretionary,Restaurants,"Seattle, Washington",,829224
SCG,SCANA Corp,reports,Utilities,Multi-Utilities & Unregulated Power,"Cayce, South Carolina",,754737
SCHW,Charles Schwab Corporation,reports,Financials,Diversified Financial Services,"San Francisco, California",,316709
SE,Spectra Energy Corp.,reports,Energy,Oil & Gas Refining & Marketing & Transportation,"Houston, Texas",,1373835
SEE,Sealed Air Corp.(New),reports,Materials,Paper Packaging,"Elmwood Park, New Jersey",,1012100
SHW,Sherwin-Williams,reports,Materials,Specialty Chemicals,"Cleveland, Ohio",6/30/64,89800
SIAL,Sigma-Aldrich,reports,Materials,Diversified Chemicals,"St. Louis, Missouri",9/1/94,90185
SJM,Smucker (J.M.),reports,Consumer Staples,Packaged Foods & Meats,"Orrville, Ohio",,91419
SLB,Schlumberger Ltd.,reports,Energy,Oil & Gas Equipment & Services,"Houston, Texas",3/31/65,87347
SNA,Snap-On Inc.,reports,Consumer Discretionary,Household Appliances,"Kenosha, Wisconsin",9/30/82,91440
SNDK,SanDisk Corporation,reports,Information Technology,Computer Storage & Peripherals,"Milpitas, California",,1000180
SNI,Scripps Networks Interactive Inc.,reports,Consumer Discretionary,Broadcasting & Cable TV,"Cincinnati, Ohio",,1430602
SO,Southern Co.,reports,Utilities,Multi-Utilities & Unregulated Power,"Atlanta, Georgia",,92122
SPG,Simon Property Group Inc,reports,Financials,REITs,"Indianapolis, Indiana",,1063761
SPLS,Staples Inc.,reports,Consumer Discretionary,Specialty Stores,"Framingham, Massachusetts",,791519
SRCL,Stericycle Inc,reports,Industrials,Industrial Conglomerates,"Lake Forest, Illinois",,861878
SRE,Sempra Energy,reports,Utilities,Multi-Utilities & Unregulated Power,"San Diego, California",,1032208
STI,SunTrust Banks,reports,Financials,Banks,"Atlanta, Georgia",5/31/88,750556
STJ,St Jude Medical,reports,Health Care,Health Care Equipment & Services,"Little Canada, Minnesota",11/30/89,203077
STT,State Street Corp.,reports,Financials,Diversified Financial Services,"Boston, Massachusetts",,93751
STX,Seagate Technology,reports,Information Technology,Computer Storage & Peripherals,"Dublin, Ireland",6/29/12,1137789
STZ,Constellation Brands,reports,Consumer Staples,Distillers & Vintners,"Victor, New York",,16918
SWK,Stanley Black & Decker,reports,Consumer Discretionary,Household Appliances,"New Britain, Connecticut",9/30/82,93556
SWN,Southwestern Energy,reports,Energy,Oil & Gas Exploration & Production,"Houston, Texas[9]",,7332
SYK,Stryker Corp.,reports,Health Care,Health Care Equipment & Services,"Kalamazoo, Michigan",,310764
SYMC,Symantec Corp.,reports,Information Technology,Application Software,"Mountain View, California",,849399
SYY,Sysco Corp.,reports,Consumer Staples,Food Distributors,"Houston, Texas",12/31/86,96021
T,AT&T Inc,reports,Telecommunications Services,Integrated Telecommunications Services,"Dallas, Texas",11/30/83,732717
TAP,Molson Coors Brewing Company,reports,Consumer Staples,Brewers,"Denver, Colorado",6/30/76,24545
TDC,Teradata Corp.,reports,Information Technology,Application Software,"Miamisburg, Ohio",,816761
TE,TECO Energy,reports,Utilities,Multi-Utilities & Unregulated Power,"Tampa, Florida",,350563
TEG,Integrys Energy Group Inc.,reports,Utilities,Gas Utilities,"Chicago, Illinois",,916863
TEL,TE Connectivity Ltd.,reports,Information Technology,Electronic Equipment & Instruments,"Schaffhausen, Switzerland",,1385157
TGT,Target Corp.,reports,Consumer Discretionary,General Merchandise Stores,"Minneapolis, Minnesota",12/31/76,27419
THC,Tenet Healthcare Corp.,reports,Health Care,Health Care Facilities,"Dallas, Texas",3/31/79,70318
TIF,Tiffany & Co.,reports,Consumer Discretionary,"Apparel, Accessories & Luxury Goods","New York, New York",,98246
TJX,TJX Companies Inc.,reports,Consumer Discretionary,Apparel Retail,"Framingham, Massachusetts",9/30/85,109198
TMK,Torchmark Corp.,reports,Financials,Life & Health Insurance,"McKinney, Texas",4/30/89,320335
TMO,Thermo Fisher Scientific,reports,Health Care,Health Care Equipment & Services,"Waltham, Massachusetts",,97745
TRIP,TripAdvisor,reports,Consumer Discretionary,Internet Retail,"Newton, Massachusetts",,1526520
TROW,T. Rowe Price Group,reports,Financials,Diversified Financial Services,"Baltimore, Maryland",,1113169
TRV,The Travelers Companies Inc.,reports,Financials,Property & Casualty Insurance,"New York, New York",,86312
TSCO,Tractor Supply Company,reports,Consumer Discretionary,Specialty Retail,"Brentwood, Tennessee",,916365
TSN,Tyson Foods,reports,Consumer Staples,Packaged Foods & Meats,"Springdale, Arkansas",,100493
TSO,Tesoro Petroleum Co.,reports,Energy,Oil & Gas Refining & Marketing & Transportation,"San Antonio, Texas",,50104
TSS,Total System Services,reports,Information Technology,Internet Software & Services,"Columbus, Georgia",,721683
TWC,Time Warner Cable Inc.,reports,Consumer Discretionary,Broadcasting & Cable TV,"New York, New York",,1377013
TWX,Time Warner Inc.,reports,Consumer Discretionary,Broadcasting & Cable TV,"New York, New York",,1105705
TXN,Texas Instruments,reports,Information Technology,Semiconductors,"Dallas, Texas",,97476
TXT,Textron Inc.,reports,Industrials,Industrial Conglomerates,"Providence, Rhode Island",12/31/78,217346
TYC,Tyco International,reports,Industrials,Industrial Conglomerates,"Schaffhausen, Switzerland",,833444
UA,Under Armour,reports,Consumer Discretionary,"Apparel, Accessories & Luxury Goods","Baltimore, Maryland",,1336917
UHS,"Universal Health Services, Inc.",reports,Health Care,Health Care Facilities,"King of Prussia, Pennsylvania",9/20/14,352915
UNH,United Health Group Inc.,reports,Health Care,Managed Health Care,"Minnetonka, Minnesota",7/1/94,731766
UNM,Unum Group,reports,Financials,Diversified Financial Services,"Chattanooga, Tennessee",3/1/94,5513
UNP,Union Pacific,reports,Industrials,Railroads,"Omaha, Nebraska",,100885
UPS,United Parcel Service,reports,Industrials,Air Freight & Logistics,"Atlanta, Georgia",,1090727
URBN,Urban Outfitters,reports,Consumer Discretionary,Apparel Retail,"Philadelphia, Pennsylvania",,912615
URI,"United Rentals, Inc.",reports,Industrials,Trading Companies & Distributors,"Stamford, Connecticut",9/20/14,1215583
USB,U.S. Bancorp,reports,Financials,Banks,"Minneapolis, Minnesota",,36104
UTX,United Technologies,reports,Industrials,Industrial Conglomerates,"Hartford, Connecticut",,101829
V,Visa Inc.,reports,Information Technology,Internet Software & Services,"San Francisco, California",,1403161
VAR,Varian Medical Systems,reports,Health Care,Health Care Equipment & Services,"Palo Alto, California",,203527
VFC,V.F. Corp.,reports,Consumer Discretionary,"Apparel, Accessories & Luxury Goods","Greensboro, North Carolina",6/30/79,103379
VIAB,Viacom Inc.,reports,Consumer Discretionary,Broadcasting & Cable TV,"New York, New York",,1339947
VLO,Valero Energy,reports,Energy,Oil & Gas Refining & Marketing & Transportation,"San Antonio, Texas",,1035002
VMC,Vulcan Materials,reports,Materials,Construction Materials,"Birmingham, Alabama",,1396009
VNO,Vornado Realty Trust,reports,Financials,REITs,"New York, New York",,899689
VRSN,Verisign Inc.,reports,Information Technology,Internet Software & Services,"Dulles, Virginia",,1014473
VRTX,Vertex Pharmaceuticals Inc,reports,Health Care,Biotechnology,"Cambridge, Massachusetts",9/20/13,875320
VTR,Ventas Inc,reports,Financials,Diversified Financial Services,"Chicago, Illinois",,740260
VZ,Verizon Communications,reports,Telecommunications Services,Integrated Telecommunications Services,"New York, New York",11/30/83,732712
WAT,Waters Corporation,reports,Health Care,Health Care Distributors & Services,"Milford, Massachusetts",,1000697
WBA,Walgreens Boots Alliance,reports,Consumer Staples,Drug Retail,"Deerfield, Illinois",12/31/79,104207
WDC,Western Digital,reports,Information Technology,Computer Storage & Peripherals,"Irvine, California",,106040
WEC,Wisconsin Energy Corporation,reports,Utilities,Multi-Utilities & Unregulated Power,"Milwaukee, Wisconsin",,783325
WFC,Wells Fargo,reports,Financials,Banks,"San Francisco, California",6/30/76,72971
WFM,Whole Foods Market,reports,Consumer Staples,Food Retail,"Austin, Texas",,865436
WHR,Whirlpool Corp.,reports,Consumer Discretionary,Household Appliances,"Benton Harbor, Michigan",,106640
WIN,Windstream Communications,reports,Telecommunications Services,Integrated Telecommunications Services,"Little Rock, Arkansas",,1282266
WM,Waste Management Inc.,reports,Industrials,Environmental Services,"Houston, Texas",,823768
WMB,Williams Cos.,reports,Energy,Oil & Gas Exploration & Production,"Tulsa, Oklahoma",3/31/75,107263
WMT,Wal-Mart Stores,reports,Consumer Staples,Hypermarkets & Super Centers,"Bentonville, Arkansas",8/31/82,104169
WU,Western Union Co,reports,Information Technology,Internet Software & Services,"Englewood, Colorado",,1365135
WY,Weyerhaeuser Corp.,reports,Financials,REITs,"Federal Way, Washington",,106535
WYN,Wyndham Worldwide,reports,Consumer Discretionary,"Hotels, Resorts & Cruise Lines","Parsippany, New Jersey",,1361658
WYNN,Wynn Resorts Ltd,reports,Consumer Discretionary,Casinos & Gaming,"Las Vegas, Nevada",,1174922
XEC,Cimarex Energy,reports,Energy,Oil & Gas Exploration & Production,"Denver, Colorado",6/21/14,1168054
XEL,Xcel Energy Inc,reports,Utilities,Multi-Utilities & Unregulated Power,"Minneapolis, Minnesota",,72903
XL,XL Capital,reports,Financials,Property & Casualty Insurance,"Hamilton, Bermuda",,875159
XLNX,Xilinx Inc,reports,Information Technology,Semiconductors,"San Jose, California",,743988
XOM,Exxon Mobil Corp.,reports,Energy,Integrated Oil & Gas,"Irving, Texas",,34088
XRAY,Dentsply International,reports,Health Care,Health Care Supplies,"York, Pennsylvania",,818479
XRX,Xerox Corp.,reports,Information Technology,IT Consulting & Services,"Norwalk, Connecticut",,108772
XYL,Xylem Inc.,reports,Industrials,Industrial Conglomerates,"White Plains, New York",,1524472
YHOO,Yahoo Inc.,reports,Information Technology,Internet Software & Services,"Sunnyvale, California",,1011006
YUM,Yum! Brands Inc,reports,Consumer Discretionary,Restaurants,"Louisville, Kentucky",,1041061
ZION,Zions Bancorp,reports,Financials,Banks,"Salt Lake City, Utah",,109380
ZMH,Zimmer Holdings,reports,Health Care,Health Care Equipment & Services,"Warsaw, Indiana",,1136869
ZTS,Zoetis,reports,Health Care,Pharmaceuticals,"Florham Park, New Jersey",,1555280